{"AddStudent":[{
    "StudentName":"mahi kumar",
    "DateOfBirth":"20062002",
    "Gender":"M",
    "StudentId":"VDT00010",
    "SudentRollNo":"SA0011",
    "AdmissionNo":"121570",
    "StudentMobileNo":"6383750521",
    "ChooseClass":"7th",
    "ChooseBloodGroup":"O+",
    "ParentId":"32457",
    "StudentAddress":"N0-176 Mgr nagar Puzhal Chennai-66",
    "StudentLocation":"Near by karaikodi fastfood Restaurant",
    "FathersName":"Rajan",
    "FatherEmail":"rajan@gmail.com",
    "FatherMobileNo":"6383750521",
    "MotherName":"mahender kishore",
    "MotherEmailId":"Lakshmi@gmail.com",
    "MotherMobileNo":"6383750521",
    "FatherOccupation":"IT",
    "MotherOccupation":"House Wife",
    "FatherAnnualIncome":"400000",
    "MotherAnnualIncome":"0",
    "HomeMobilenNumber":"6383750521",
    "PreviousSchoolName":"Donbosco",
    "PreviousSchoolBoard":"M",
    "PreviousSchoolMarksObtained":"408",
    "PreviousClass":"6th",
    "PreviousSchoolPercentage":"68",
    "EnterRepresentative":"Sharika"
}]}