{"TeacherAddForm":[{
  "Name":"ranjith",
  "DOB":"20062002",
  "Gender":"Male",
  "TeacherId":"VDTECH048",
  "EmailAddress":"ranjith@gmail.com",
  "MobileNo1":"6383705215",
  "BloodGroup":"O+",
  "SelectSubject1":"English",
  "FatherName":"Ramesh",
  "FatherOccupation":"Bussiness",
  "MotherName":"Sruthi",
  "MotherOccupation":"HouseWife",
  "NationalityName":"Indian",
  "ReligionName":"Christianity",
  "CasteCategory":"BC",
  "EnterLanguageSpoken":"Tamil",
  "EnterLanguageWritten":"English",
  "ContactAddress":"DoorNo.176 M.G.R nagar puzhal chennai-66",
  "OfficialAddress":"DoorNo.176 M.G.R nagar puzhal chennai-66",
  "MobileNo2":"6383705215",
  "ClassCategory":"S",
  "Qualification":"BCA",
  "EnterYearOfPassing":"2023",
  "EnterMarksHere":"95",
  "EnterUniversity":"SRM university",
  "PayRoll":"600000"
  }]
}