{
	"TransportManagement": [
		{
			"VehicleId": "TN0220",
			"RegistrationNo": "12345",
			"VehicleBoughtOn": "06-06-2010",
			"VehicleModel": "SUV",
			"GpsId": "45434",
			"TotalCapacity": "25",
			"FcNo": "234232",
			"FcStartDate": "20-06-2023",
			"FcEndDate": "06-08-2025",
			"TotalFcDone": "5",
			"InsuranceNo":"1234565",
			"CurrentInsuranceDate": "20-02-20024",
			"CurrentInsurancEndDate": "12-09-2024"
		}
	],
	"AddRoute": [
		{
			"RouteName": "velachery",
			"TripStartTime":"08:14",
			"StartingPoint":"velachery",
			"EndingPoint":"Guindy",
			"FeeAmount":"10000",
			"Location":"velachery",
			"ArrivingTime":"08:14",
		    "SearchBar":"Chennai"
		}
	]
}
